Cust_Key,State,Customer,Cust_ID
Val Green Energy - NJ - 1,NJ,Val Green Energy,3559
Uniongrid Solar Llc - FL - 1,FL,Uniongrid Solar Llc,3560
Sunwatt Solar Llc - MA - 1,MA,Sunwatt Solar Llc,3561
Solar Professionals Of Illinoi,IL,Solar Professionals Of Illinoi,3562
Solar Chief - SC - 1,SC,Solar Chief,3563
Solar Air & Energy - SC - 1,SC,Solar Air & Energy,3564
Rome Solar - NJ - 1,NJ,Rome Solar,3566
Power Surge Solutions Llc - FL,FL,Power Surge Solutions Llc,3567
Mugrid Analytics - CO - 3,CO,Mugrid Analytics,3568
Grand Valley Solar - CO - 1,CO,Grand Valley Solar,3569
Freedom Forever - CO - 1,CO,Freedom Forever,3570
Fast Campos Inc - NJ - 3,NJ,Fast Campos Inc,3571
De La Sol - IL - 1,IL,De La Sol,3572
Daynight Power Inc - CA - 1,CA,Daynight Power Inc,3573
Cosmo Solaris - NJ - 1,NJ,Cosmo Solaris,3574
Cosmo Solaris - DC - 1,DC,Cosmo Solaris,3575
Coo Berln-77 - NJ - 5,NJ,Coo Berln-77,3576
Comprehensive Solar Dba - CT -,CT,Comprehensive Solar Dba,3577
Cod-Sun City Solar Solutions -,TX,Cod-Sun City Solar Solutions,3578
Cod Sales - VT - 1,VT,Cod Sales,3579
Clay Solar Installation Partne,FL,Clay Solar Installation Partne,3580
"Cape Fear Solar Systems, Llc -",NC,"Cape Fear Solar Systems, Llc",3582
"Calgary, Ab (2550) - BC - 8",BC,"Calgary, Ab (2550)",3583
Blitz Electrical & Solar - CA,CA,Blitz Electrical & Solar,3584
Bld La Inc. - CA - 1,CA,Bld La Inc.,3585
Bethlehem-79 - PA - 5,PA,Bethlehem-79,3586
