Rep,State
Genki,CO
RyanW,NJ
RyanW,FL
Genki,OR
Guy,Canada
Genki,TX
RyanW,MA
RyanW,MD
Genki,WA
Guy,MO
Genki,AZ
Guy,OH
Genki,CA
Guy,IL
Guy,OK
RyanW,ME
RyanW,NC
RyanW,CT
Guy,IN
Genki,NV
Guy,MN
Genki,MT
RyanW,NY
Guy,IA
Guy,MI
Genki,ID
Genki,NM
RyanW,SC
RyanW,PA
Guy,WI
Genki,UT
Guy,NE
Genki,HI
Genki,AK
Guy,AR
RyanW,VA
Guy,TN
RyanW,GA
RyanW,RI
RyanW,AL
RyanW,NH
RyanW,LA
Guy,Ontario
RyanW,WV
Genki,Guam
RyanW,PR
Genki,Marianas Pacific
Guy,KS
RyanW,DE
,VI
RyanW,MS
Guy,NB
Genki,WY
RyanW,VT
Guy,KY
Guy,SD
RyanW,DC
Guy,ND
Guy,AB
Guy,ON
Genki,California
Guy,QC
Genki,Colorado
RyanW,North Calorina
Guy,Ohio
Genki,Texas
Guy,BC
RyanW,Massachusetts
Guy,Nebraska
Guy,Alberta
RyanW,Florida
Genki,Arizona
RyanW,New Jersey
Genki,Nevada
Genki,New Mexico
Guy,NS
Guy,Illinois
Guy,Missouri
RyanW,Maryland
RyanW,Bahamas
Guy,CAN
Guy,Quebec
Guy,MB
