Customer,State,MINI
Lumio Hx Inc.,WA,45700
American Design & Build Ltd,MD,20160
Sun-Tec Solar Energy,FL,12784
Granite State Solar,NH,11620
Renu Energy Solutions,NC,10416
Greenlight Solar - Tx,TX,10380
A.m.sun Solar Inc,CA,10120
Rdx Power Llc,AZ,9780
The Green Panel,MI,8120
American Solar Repair,MD,7840
Empire Solar Solutions,NY,7750
Sunergy Solar Llc,FL,7743
Freedom Solar Tx,TX,7618
603 Solar Llc,NH,7506
Revolution Energy Systems,WA,7506
"Ensolar Usa, Llc",FL,7479
Quest Solar -Quest Home Improvement,NY,6978
Adt Solar,OH,6000
Cod Sales,TX,5931
Freedom Solar Power,FL,5620
Sundog Solar,ME,5600
Adt Solar,IL,5200
Mn Solar And More,MN,4945
Sun Up Solar,NH,4860
Empower Energy Solutions,MA,4593
"Positivesynergyllc,Dba Havasu Solar",AZ,4520
Skyline Solar Llc,MA,4500
Evolution Power,FL,4240
Great Sky,MA,4120
Solar Sme,TX,4104
Solarlogix,ME,4036
Expert Inc.,FL,3978
Sunergy Solar Llc,AR,3944
Empower Energy Solutions,NH,3911
Strawberry Solar,MI,3880
Lumio Hx Inc,CA,3854
Synergy Solar,FL,3680
V3 Electric Inc.,CA,3630
"Prosolar Group, Llc",FL,3515
Cod Sales,FL,3391
Cod Sales,OK,3360
Daybreak Install,TX,3119
Obsidian Solar,TX,3101
Lumio Hx Inc.,CA,3080
Solar Saves Florida,FL,2900
Green Light Solar,TX,2890
Solgen Power Llc,WA,2880
Freedom Solar Power,TX,2815
New England Clean Energy,MA,2779
Mad Energy Nw Llc,WA,2720
"Solcius, Llc",CA,2660
Codsales,FL,2624
"Ailey Solar Electric, Inc.",IL,2605
Renu Energy Solutions,SC,2600
All Energy,MN,2578
Sbs Solar Inc.,MT,2560
Sbs Solar Inc,MT,2560
Bright Planet Solar,IL,2480
Smart Solar Of Southern California,CA,2452
"Lumio Hx, Inc.",OR,2420
Upscale Energy Inc,CA,2380
Lumio Hx Inc.,TX,2360
Lumio Hx Inc,FL,2340
Team Sunshine,MA,2300
"Meraki Installers, Llc",TX,2300
Mirasol Fafco Solar Inc.,FL,2256
Atek Distribution,MN,2240
American Energy And Construction,FL,2161
Sunpower Corporation,IL,2160
Big Dog Energy,ID,2160
Phase Out Electric,MA,2120
Green Hybrid Energy Solutions,NY,2110
Streamline Energy Llc,TX,2099
Circa Energy,MD,2096
Maine Solar Solutions,ME,2060
Complete Solar,NH,2053
Syngulf Energy Llc,TX,2046
Erus Builders,AZ,2041
Solcium Solar Llc,FL,2022
Premier Aesthetix Installation And,OK,2020
Diamond Solar,FL,2000
Green Brilliance,MD,1900
Revolution Energy Systems Inc,IL,1865
Revolution Energy Systems,IL,1800
True Texas Solar,TX,1796
Hays Electrical,TX,1752
Emerald Energy,NC,1750
Current Home,FL,1742
Valley Solar Llc,MA,1725
Florida Solar Products Inc,FL,1720
Tge Solar,OH,1681
Sunpower,NY,1680
Meraki Solutions,FL,1667
Photon Brothers,CO,1645
Unicity Solar Energy Llc,FL,1644
Texas Solar Outfitters,TX,1610
"Ac/Dc Solar, Llc",FL,1605
Sunuso Energy,FL,1602
Seal Solar,AR,1600
Innovative Solar,FL,1600
Artificial Grass Turf Co,AZ,1600
Devlin Contracting & Maintenance,MA,1580
Evolution Power Llc,FL,1563
Sun Dial Solar,NH,1560
"Electrical Systems Solutions, Inc.",WA,1560
Ion Solar Pros,CT,1540
A-Team Consultants Group Llc,MT,1518
Cod Sales,WA,1485
Cod Sales - Auburn,MA,1484
Sunvena Solar,FL,1480
Evolution Energy,NY,1480
Southern Solar,TX,1474
Solar Generation,NY,1445
Plug Pv Llc,MA,1440
Freedom Solar Tx,NC,1440
Ny Solar Maint / Amer Solar Repair,FL,1420
Dba Custom Pro Roofing And Solar,TX,1404
Lippolis Electric,NY,1400
Sunpower,CA,1380
Malek Service Company,TX,1370
Lumina Solar,MD,1340
New Prairie Construction,IL,1320
"Lumio Hx, Inc.",FL,1310
Tge Solar,WA,1308
Fluent Solar,NC,1306
Integrity Solar,NY,1300
Lumina Solar,PA,1280
Zenith Security,TX,1260
Solar Solution Az Llc,AZ,1233
Lumio Hx Inc.,FL,1230
Daybreak Install,OK,1220
Stilwell Solar Llc,FL,1214
Pci Renewables,WA,1213
Ohio Solar Connections,OH,1200
"Nexus Energy Systems, Llc",VA,1200
Solar Energy World Llc,MD,1200
Xero Solar,CA,1192
Independent Power Systems,MT,1188
Luz Energy Corporation,NM,1160
Solar Sme,PA,1154
Castle Energy Llc,NJ,1140
Starry Solar,OK,1140
Green Solutions Of Fl,FL,1135
Palmetto Clean Technology,MA,1130
Hudson River Solar,NY,1128
Positive Synergy Llc,AZ,1120
Solar Source,FL,1120
Erus Builders,TX,1112
Revolution,WA,1102
Vision Solar,FL,1100
"Boss Energy, Llc.",SC,1095
Design 1 Group,TN,1093
"Solar Works Energy, Llc",NM,1080
Cleantap Energy,ME,1080
"Paradise Energy Solutions, Llc",MD,1080
"Acdc Solar, Llc",FL,1079
Prevost Installations,TX,1062
Astrawatt Solar,OK,1060
Infinity Solar/Tml,OR,1042
"Alliance Roofing, Llc",IA,1034
Equisolar,FL,1034
Ibermex Capital Llc,TX,1029
Axiom 360 Llc,CA,1026
Skyline Solar - Nj/Ma/Ct,NJ,1020
Prosolar Group Llc,FL,1005
Premier Aesthetix Installation & Construction,OK,1000
Sunsation Energy Solutions,NY,1000
Meraki Installers Llc,FL,1000
Jolma Electric,WI,992
Solar Sme,VA,971
Big Dog Solar,ID,970
Solcius Llc,NM,960
Sunpower,CT,960
Photon Bros,CA,960
"Lumio Hx, Inc",ID,940
Peninsula Solar,MI,940
Avvio Solar Cod,OK,920
"Sun Services Usa, Llc",AZ,914
Jordan Solar,MT,900
Sunblue Energy,NY,885
East Coast Metal Roofing,MA,880
Nrg Clean Power Inc,CA,868
Ecoliving Inc Dba Solar Ventures,CA,863
Nexus Solar,NC,860
Nrg Clean Power,CA,836
J4 Energy Llc,NH,827
Revolution Solar,MI,810
Nitro Dba Revolt,WV,810
Solar Installations By Marcor,NY,800
Neal Electric,NH,800
Plug Pv Llc,FL,800
Cod Sales,NM,773
Lotus Energy & Solar,FL,760
Kingdom Solar,CA,760
Pine Tree Solar,ME,740
Positive Solar,AZ,738
Solar Energy World,FL,732
Exact Energy Partners Llc,PA,720
Skyline Solar - Nj/Ma/Ct,MA,720
Solcius,TX,720
